Activity Code,Link
SO-HKPNG,https://legalmatch.atlassian.net/browse/SAL-237
SO-SF,https://legalmatch.atlassian.net/browse/SAL-240
SO-REP,https://legalmatch.atlassian.net/browse/SAL-234
SO-ANSS,https://legalmatch.atlassian.net/browse/SAL-235
SO-PM,https://legalmatch.atlassian.net/browse/SAL-237
SO-EC,https://legalmatch.atlassian.net/browse/SAL-233
SO-RES,https://legalmatch.atlassian.net/browse/SAL-236
SO-CAU,https://legalmatch.atlassian.net/browse/SAL-240
SO-LP,https://legalmatch.atlassian.net/browse/SAL-231
